id;peptide
AMP10.000_000;KKVKSIFKKALAMMGENEVKAWGIGIK
AMP10.000_001;FFGIGQQEMTLEEIGDKFGLTRERVRQIKEKAIRRLRQSNRSKLLKSYLG
AMP10.000_002;KRVKSFFKGYMRAIEINAALMYGYRPK
AMP10.000_003;GRVIGKQGRIAKAIRVVMRAAAVRVDEKVLVEID
AMP10.000_004;KLRKILKSMFNNYCKTFKDVPPGNMFR
AMP10.000_005;AIFYVIKHISRKHFVSLQRYKIKEKM
AMP10.000_006;LVRIISMVIAGVIIVYLVRWIDNFFSRYRK
AMP10.000_007;QFLTHIIFLLNLLKTLINHFS
AMP10.000_008;IPHETNRGGFYVICPNVTNKINNGNEKVFYRSSGYGIFGRM
AMP10.000_009;KQVFTPKKMRPSAQTIYFIKQIAYSYHTMVQNGKLKVCYPN
AMP10.000_010;GTFITLVVVVGLVGLAVRSMIKDKKSGKGSCGGNCGQCKGHCD
AMP10.000_011;GVQSKKAVSPGKNGLKMGGKG
AMP10.000_012;LVIKLVHHSFICIVYNLIVIYPLYRLAYS
AMP10.000_013;QILTHLIFLLNLLKTLINHFS
AMP10.000_014;LCSAQNPKLNKQFASGFAVASLFPFFAQ
AMP10.000_015;LLIVGSFKKMTTFATANEKDWFLG
AMP10.000_016;QVVVIRSPKALRGILRRLFGIQKQ
AMP10.000_017;GVKRNFVVILSKNEVVMMKKIIATR
AMP10.000_018;KKVKSIFKKALALMGENEVRAWGIGIK
AMP10.000_019;GLSGRIKGRYVAFFFFKVLHLYARPLLTKAMDGRNA
AMP10.000_020;VNLLKVKTIRNFINVVKIGIVLFKYWADRSNLFVYRIPVC
AMP10.000_021;FAVRNTIDVKVLFIIHLKPFINL
AMP10.000_022;QVVVIKSPKCLRGVLRRLFGIKKG
AMP10.000_023;LIFGSIIVIFEHLFSLPVPTFAIKTH
AMP10.000_024;NEKIFKTLGQIGASGIVVGIITVIVGVSVGVVSIVSGARALKLKGKIMI
AMP10.000_025;VGSLTGVVASKSVTEASQGTLKAFGNRLQSAMA
AMP10.000_026;KKPRCKYTDFSIPVKGYNAKLCFTTYNKNKKAPFF
AMP10.000_027;KRVKKIFKEYMRAIEINAALMYGYRPK
AMP10.000_028;FITLVMILHFFFNHLTGLVKINNDIKLTNVTIKKIAL
AMP10.000_029;VASRKLVEIANLFPVCKFKDKDHLKITKVHML
AMP10.000_030;AGVYMDKQVSGKVKILTGGNGTTGIHNGPIPKPATRESG
AMP10.000_031;GAKIQFVMNSSLIIPNLLPLHRLKKLKLEKN
AMP10.000_032;LFYYKISKKRFNKVLYNIKITIFVPEIKSESFRAG
AMP10.000_033;AGGGIIVLGTTLIPLLSTLF
AMP10.000_034;FALEGKHKKWKNVDKECYIVICLSIGYTIA
AMP10.000_035;MILLYKRKTRKMQIRPVSNFKRVYNIQGLLYVVTTNFGRERA
AMP10.000_036;KKKIFKTWRNILAEVGRNEMLMMGYTLKK
AMP10.000_037;FVGRPAGMVGFRTHTFTRIGSIMDKKQPDNTKLVIR
AMP10.000_038;VIALNEKIVRYQKRIGLQGYEGLPFGTYLIRINEKTFKIQLSK
AMP10.000_039;AAVLLRAASLAFVMVLGILLKKTGIVGNPARVLRKVEK
AMP10.000_040;KLFLEKLLDILEALLRFRRRKAKKTGDS
AMP10.000_041;LYVGIDVAKNKHDVTALNVRGKLFLNHSLFQIIKLVLNS
AMP10.000_042;KKKIANSFKHIFTAAGKNWMEAMRYYSLQM
AMP10.000_043;IATTTYHDTYGGSLRSMTMDMMYMRNRFRRV
AMP10.000_044;CIRKVNKVRKGIVLLKSDTKLDIYFIFAPDLKYRLKR
AMP10.000_045;FVYEKKLQYPVNIKKPNAKLAKIIITQYGGA
AMP10.000_046;LLVVLKNVLCVVADGLSKNVDFFIVRKKYFHHEEKVFSP
AMP10.000_047;KTMKNFIQKVFKGDPMIWGYVMLS
AMP10.000_048;LFEKLRKCMKFTLMINVNVLVFIF
AMP10.000_049;VTLQPFAKEYMIKLLYGLLR
AMP10.000_050;RRPSGYALFFRAGSANNARNVNTDGTLNRNNAYNGNNGLRPASMDRPTY
AMP10.000_051;NFKLTNLSAINQKYGKTMEQLKGSIWEVCANSCGCSGDCGSNWMRS
AMP10.000_052;GTVVTGAVVVVIVGLIIRSMVRDKKNGKSLQCGGDCGKCGGHCH
AMP10.000_053;VLLGCILGSVILGLLACLIWILYDFRRFKKKNNFIE
AMP10.000_054;AAIFINITREKLYNKISYGGFYNAEIYITKRFISRKGCA
AMP10.000_055;SYLFVYFKKVTNFAARYSMNNNIKISIYNEKNIPTL
AMP10.000_056;AASTTIFVLLGITAVTANLMKVITYLDQPRRKTRRVRARG
AMP10.000_057;VASCKIRFARGIFLLPLRIGKQKKEDKYEKSNLQ
AMP10.000_058;KNRKSNGYYTVSYQQIDILHPYIIVRYGYSLQNGTNYSQMYFFCNKMPF
AMP10.000_059;KKSVLKKILKVVMAIVSAALGALGNNAMK
AMP10.000_060;VALIGLIIIAIPVTAFWIYTETPSGKKWIKNL
AMP10.000_061;QVIVLDRPKVLAPLLRVVFKIKKVKPET
AMP10.000_062;NFLTNLIFVLNLLKTLINHFF
AMP10.000_063;RTEIKTYTTADKMMMTGSMCGMMCMCCMGRFRVRKDI
AMP10.000_064;IIAVGFKVNNERAVQFRKWANGIVKDYAIKG
AMP10.000_065;VLGMTLAVVAALFAEVVNVNKKISLGK
AMP10.000_066;GFFLIHRSGAVWKPNRGMTCGIFTPVYSQEVLLGKH
AMP10.000_067;IVVAVFFTIVAAIAGSILLFLHTPRGKRWIRGD
AMP10.000_068;KVVIVNGKGFIGFMLRHMFGIRKLPQET
AMP10.000_069;FFNDGKGTIYYGIKKYFRIYF
AMP10.000_070;KFAATMMNMMMPMCMCNMSMFRRAANSMRHSA
AMP10.000_071;KKVKSIVMKVLAMMGENEVRAWGIGIK
AMP10.000_072;TISIKKLKEVSLQTESKKHRALVNLGRGNI
AMP10.000_073;RKTMGAAMPGKKSTRFRIVLTFKGYSYYR
AMP10.000_074;AYPVVWLNQSSKFSLRYMYIYMGKSKL
AMP10.000_075;YGILGIAKLFGCSLPTANRIKKSGKIDKAITQIGRKIIVDAELALELAGKKTGGRK
AMP10.000_076;GVKRNFVVILSKNEVIMMKKIIATR
AMP10.000_077;GGIKSVVSMGYAVLFVILLYLVGIGISSLIQYIKKKFRR
AMP10.000_078;WFSKPSAKVVKNLVLYNTYFVVYYYFALITK
AMP10.000_079;LAGLFSVTGMILLGILFCLIGYQTFRKHHH
AMP10.000_080;GVKNIFKRYELKFMLTTQQYINNPKPIKT
AMP10.000_081;QDLSSEDKKIPPKNYQKQPKNYPRIVFGHKNVGFPPIGFQKFT
AMP10.000_082;LVAVNMTLRLIARYIAVRFLSAGHLKNLAEWGCMFTQQKSEI
AMP10.000_083;FLILNNIISLLRVKYTKYFITFVNNKIYLLKRLARLRN
AMP10.000_084;LMKVEAGFEHYSKNPYIYTRSMNPKSKMP
AMP10.000_085;VLNLILAGLVAVLVVTGIVSKATDK
AMP10.000_086;LALGYIAFQNRQKGLEKPYHKDYRKFFASSSSLSIKVVALLLMA
AMP10.000_087;LKMKKKCYQTVNYFMKNLFGIDKSTYFALCLK
AMP10.000_088;LKYLLRRLVVPP
AMP10.000_089;LFYYKNGKKVLNKVLYNIKITIFASEIKSESLYGWKDFKHV
AMP10.000_090;VAKIQKIKQLACFYPKTIALFTKNKIIEQGL
AMP10.000_091;AFFSTLISTVLKMLFIGVFAVGGVFAGKKLRERKDAKNSETK
AMP10.000_092;LWKKSVVKRFVVFFQDYYTKV
AMP10.000_093;SGFWKKGYYILCFIVRTLYNLLSLEKKPKK
AMP10.000_094;GFYLVIFKKSLSTKNQDIKYNHLITNILHSIKIIYFY
AMP10.000_095;KRNVTMMMCEMCMGMMSMCMFRRAEKVISFPKTV
AMP10.000_096;AGTAKGDAKTLLLSGGPHGRRYHEFR
AMP10.000_097;IVASISAAECFTYHICIQIIMKQLKSERYVFK
AMP10.000_098;ELKTIVAIGLVVFIVGALIFLKIRGKKK
AMP10.000_099;QRIARSFLSKRAGDSIPYTMAPKRPFPNGNASVHTCAGRSYQSLYSCTGGYFSCA
